image,predicted,ground_truth,correct,detected,matched
c100bg1.png,7ed_205%E2%98%85_orcish-artillery,7ed_205%E2%98%85_orcish-artillery,1,0,1
c100bg2.png,7ed_205%E2%98%85_orcish-artillery,7ed_205%E2%98%85_orcish-artillery,1,0,1
c100bg3.png,7ed_205%E2%98%85_orcish-artillery,7ed_205%E2%98%85_orcish-artillery,1,0,1
c100bg4.png,7ed_205%E2%98%85_orcish-artillery,7ed_205%E2%98%85_orcish-artillery,1,0,1
c100bg5.png,7ed_205%E2%98%85_orcish-artillery,7ed_205%E2%98%85_orcish-artillery,1,0,1
c100bg6.png,7ed_205%E2%98%85_orcish-artillery,7ed_205%E2%98%85_orcish-artillery,1,0,1
c100bg7.png,7ed_205%E2%98%85_orcish-artillery,7ed_205%E2%98%85_orcish-artillery,1,0,1
c100bg8.png,7ed_205%E2%98%85_orcish-artillery,7ed_205%E2%98%85_orcish-artillery,1,0,1
c10bg1.png,tfin_20_darkstar,tfin_20_darkstar,1,0,1
c10bg2.png,tfin_20_darkstar,tfin_20_darkstar,1,0,1
c10bg3.png,tfin_20_darkstar,tfin_20_darkstar,1,0,1
c10bg4.png,tfin_20_darkstar,tfin_20_darkstar,1,0,1
c10bg5.png,tfin_20_darkstar,tfin_20_darkstar,1,0,1
c10bg6.png,tfin_20_darkstar,tfin_20_darkstar,1,0,1
c10bg7.png,tfin_20_darkstar,tfin_20_darkstar,1,0,1
c10bg8.png,No match,tfin_20_darkstar,0,0,0
c11bg1.png,l12_2_knight,l12_2_knight,1,0,1
c11bg2.png,l12_2_knight,l12_2_knight,1,0,1
c11bg3.png,l12_2_knight,l12_2_knight,1,0,1
c11bg4.png,l12_2_knight,l12_2_knight,1,0,1
c11bg5.png,l12_2_knight,l12_2_knight,1,0,1
c11bg6.png,l12_2_knight,l12_2_knight,1,0,1
c11bg7.png,l12_2_knight,l12_2_knight,1,0,1
c11bg8.png,l12_2_knight,l12_2_knight,1,0,1
c12bg1.png,dmr_338_elvish-spirit-guide,dmr_338_elvish-spirit-guide,1,0,1
c12bg2.png,dmr_338_elvish-spirit-guide,dmr_338_elvish-spirit-guide,1,0,1
c12bg3.png,dmr_338_elvish-spirit-guide,dmr_338_elvish-spirit-guide,1,0,1
c12bg4.png,dmr_338_elvish-spirit-guide,dmr_338_elvish-spirit-guide,1,0,1
c12bg5.png,dmr_338_elvish-spirit-guide,dmr_338_elvish-spirit-guide,1,0,1
c12bg6.png,dmr_338_elvish-spirit-guide,dmr_338_elvish-spirit-guide,1,0,1
c12bg7.png,dmr_338_elvish-spirit-guide,dmr_338_elvish-spirit-guide,1,0,1
c12bg8.png,dmr_338_elvish-spirit-guide,dmr_338_elvish-spirit-guide,1,0,1
c13bg1.png,mh2_395_bone-shards,dft_539_burnout-bashtronaut,0,0,1
c13bg2.png,No match,dft_539_burnout-bashtronaut,0,0,0
c13bg3.png,mh2_395_bone-shards,dft_539_burnout-bashtronaut,0,0,1
c13bg4.png,mh2_395_bone-shards,dft_539_burnout-bashtronaut,0,0,1
c13bg5.png,mh2_395_bone-shards,dft_539_burnout-bashtronaut,0,0,1
c13bg6.png,No match,dft_539_burnout-bashtronaut,0,0,0
c13bg7.png,dft_539_burnout-bashtronaut,dft_539_burnout-bashtronaut,1,0,1
c13bg8.png,dft_539_burnout-bashtronaut,dft_539_burnout-bashtronaut,1,0,1
c14bg1.png,mbro_1_mishras-manufactory-mishras-manufactory-(contd),lcc_105_chalice-of-the-void,0,0,1
c14bg2.png,lcc_105_chalice-of-the-void,lcc_105_chalice-of-the-void,1,0,1
c14bg3.png,2ed_281_savannah,lcc_105_chalice-of-the-void,0,0,1
c14bg4.png,sld_1970_dragonlord-atarka-dragonlord-atarka,lcc_105_chalice-of-the-void,0,0,1
c14bg5.png,sld_1374_blooming-marsh,lcc_105_chalice-of-the-void,0,0,1
c14bg6.png,acr_238_haytham-kenway,lcc_105_chalice-of-the-void,0,0,1
c14bg7.png,lcc_105_chalice-of-the-void,lcc_105_chalice-of-the-void,1,0,1
c14bg8.png,mh3_374_imskir-iron-eater,lcc_105_chalice-of-the-void,0,0,1
c15bg1.png,pip_831_temple-of-deceit,pip_831_temple-of-deceit,1,0,1
c15bg2.png,pip_831_temple-of-deceit,pip_831_temple-of-deceit,1,0,1
c15bg3.png,pip_831_temple-of-deceit,pip_831_temple-of-deceit,1,0,1
c15bg4.png,pip_831_temple-of-deceit,pip_831_temple-of-deceit,1,0,1
c15bg5.png,pip_831_temple-of-deceit,pip_831_temple-of-deceit,1,0,1
c15bg6.png,pip_831_temple-of-deceit,pip_831_temple-of-deceit,1,0,1
c15bg7.png,pip_831_temple-of-deceit,pip_831_temple-of-deceit,1,0,1
c15bg8.png,pip_831_temple-of-deceit,pip_831_temple-of-deceit,1,0,1
c16bg1.png,m10_10_excommunicate,m10_10_excommunicate,1,0,1
c16bg2.png,m10_10_excommunicate,m10_10_excommunicate,1,0,1
c16bg3.png,m10_10_excommunicate,m10_10_excommunicate,1,0,1
c16bg4.png,m10_10_excommunicate,m10_10_excommunicate,1,0,1
c16bg5.png,m10_10_excommunicate,m10_10_excommunicate,1,0,1
c16bg6.png,m10_10_excommunicate,m10_10_excommunicate,1,0,1
c16bg7.png,m10_10_excommunicate,m10_10_excommunicate,1,0,1
c16bg8.png,m10_10_excommunicate,m10_10_excommunicate,1,0,1
c17bg1.png,ltr_612_elven-farsight,ltr_612_elven-farsight,1,0,1
c17bg2.png,ltr_612_elven-farsight,ltr_612_elven-farsight,1,0,1
c17bg3.png,No match,ltr_612_elven-farsight,0,0,0
c17bg4.png,cmm_517_ob-nixilis-of-the-black-oath,ltr_612_elven-farsight,0,0,1
c17bg5.png,ltr_612_elven-farsight,ltr_612_elven-farsight,1,0,1
c17bg6.png,ltr_612_elven-farsight,ltr_612_elven-farsight,1,0,1
c17bg7.png,ltr_612_elven-farsight,ltr_612_elven-farsight,1,0,1
c17bg8.png,punk_PLA007_shy-town,ltr_612_elven-farsight,0,0,1
c18bg1.png,spg_81_akromas-memorial,spg_81_akromas-memorial,1,0,1
c18bg2.png,spg_81_akromas-memorial,spg_81_akromas-memorial,1,0,1
c18bg3.png,No match,spg_81_akromas-memorial,0,0,0
c18bg4.png,spg_81_akromas-memorial,spg_81_akromas-memorial,1,0,1
c18bg5.png,spg_81_akromas-memorial,spg_81_akromas-memorial,1,0,1
c18bg6.png,spg_81_akromas-memorial,spg_81_akromas-memorial,1,0,1
c18bg7.png,spg_81_akromas-memorial,spg_81_akromas-memorial,1,0,1
c18bg8.png,spg_81_akromas-memorial,spg_81_akromas-memorial,1,0,1
c19bg1.png,j22_792_psychosis-crawler,clb_869_psychosis-crawler,0,0,1
c19bg2.png,c18_217_psychosis-crawler,clb_869_psychosis-crawler,0,0,1
c19bg3.png,j22_792_psychosis-crawler,clb_869_psychosis-crawler,0,0,1
c19bg4.png,clb_869_psychosis-crawler,clb_869_psychosis-crawler,1,0,1
c19bg5.png,gtc_24_shielded-passage,clb_869_psychosis-crawler,0,0,1
c19bg6.png,clb_869_psychosis-crawler,clb_869_psychosis-crawler,1,0,1
c19bg7.png,c18_217_psychosis-crawler,clb_869_psychosis-crawler,0,0,1
c19bg8.png,ust_111_half-squirrel-half-,clb_869_psychosis-crawler,0,0,1
c1bg1.png,who_614_clara-oswald,who_614_clara-oswald,1,0,1
c1bg2.png,who_9_clara-oswald,who_614_clara-oswald,0,0,1
c1bg3.png,who_614_clara-oswald,who_614_clara-oswald,1,0,1
c1bg4.png,who_614_clara-oswald,who_614_clara-oswald,1,0,1
c1bg5.png,who_614_clara-oswald,who_614_clara-oswald,1,0,1
c1bg6.png,who_9_clara-oswald,who_614_clara-oswald,0,0,1
c1bg7.png,who_614_clara-oswald,who_614_clara-oswald,1,0,1
c1bg8.png,mone_4_strictly-better-strictly-better-(contd),who_614_clara-oswald,0,0,1
c20bg1.png,tor_20_transcendence,tor_20_transcendence,1,0,1
c20bg2.png,tor_20_transcendence,tor_20_transcendence,1,0,1
c20bg3.png,tor_20_transcendence,tor_20_transcendence,1,0,1
c20bg4.png,tor_20_transcendence,tor_20_transcendence,1,0,1
c20bg5.png,tor_20_transcendence,tor_20_transcendence,1,0,1
c20bg6.png,tor_20_transcendence,tor_20_transcendence,1,0,1
c20bg7.png,tor_20_transcendence,tor_20_transcendence,1,0,1
c20bg8.png,tor_20_transcendence,tor_20_transcendence,1,0,1
c21bg1.png,fut_4_chronomantic-escape,onc_157_kher-keep,0,0,1
c21bg2.png,onc_157_kher-keep,onc_157_kher-keep,1,0,1
c21bg3.png,voc_1_millicent-restless-revenant,onc_157_kher-keep,0,0,1
c21bg4.png,onc_157_kher-keep,onc_157_kher-keep,1,0,1
c21bg5.png,onc_157_kher-keep,onc_157_kher-keep,1,0,1
c21bg6.png,onc_157_kher-keep,onc_157_kher-keep,1,0,1
c21bg7.png,voc_1_millicent-restless-revenant,onc_157_kher-keep,0,0,1
c21bg8.png,voc_1_millicent-restless-revenant,onc_157_kher-keep,0,0,1
c22bg1.png,shm_196_sootwalkers,shm_196_sootwalkers,1,0,1
c22bg2.png,shm_196_sootwalkers,shm_196_sootwalkers,1,0,1
c22bg3.png,shm_196_sootwalkers,shm_196_sootwalkers,1,0,1
c22bg4.png,shm_196_sootwalkers,shm_196_sootwalkers,1,0,1
c22bg5.png,shm_196_sootwalkers,shm_196_sootwalkers,1,0,1
c22bg6.png,shm_196_sootwalkers,shm_196_sootwalkers,1,0,1
c22bg7.png,shm_196_sootwalkers,shm_196_sootwalkers,1,0,1
c22bg8.png,clb_736_sly-instigator,shm_196_sootwalkers,0,0,1
c23bg1.png,fut_107_scourge-of-kher-ridges,fut_107_scourge-of-kher-ridges,1,0,1
c23bg2.png,fut_107_scourge-of-kher-ridges,fut_107_scourge-of-kher-ridges,1,0,1
c23bg3.png,fut_107_scourge-of-kher-ridges,fut_107_scourge-of-kher-ridges,1,0,1
c23bg4.png,fut_107_scourge-of-kher-ridges,fut_107_scourge-of-kher-ridges,1,0,1
c23bg5.png,fut_107_scourge-of-kher-ridges,fut_107_scourge-of-kher-ridges,1,0,1
c23bg6.png,fut_107_scourge-of-kher-ridges,fut_107_scourge-of-kher-ridges,1,0,1
c23bg7.png,fut_107_scourge-of-kher-ridges,fut_107_scourge-of-kher-ridges,1,0,1
c23bg8.png,fut_107_scourge-of-kher-ridges,fut_107_scourge-of-kher-ridges,1,0,1
c24bg1.png,plst_RAV-267_pariahs-shield,rav_267_pariahs-shield,0,0,1
c24bg2.png,plst_RAV-267_pariahs-shield,rav_267_pariahs-shield,0,0,1
c24bg3.png,plst_RAV-267_pariahs-shield,rav_267_pariahs-shield,0,0,1
c24bg4.png,plst_RAV-267_pariahs-shield,rav_267_pariahs-shield,0,0,1
c24bg5.png,rav_267_pariahs-shield,rav_267_pariahs-shield,1,0,1
c24bg6.png,plst_RAV-267_pariahs-shield,rav_267_pariahs-shield,0,0,1
c24bg7.png,plst_RAV-267_pariahs-shield,rav_267_pariahs-shield,0,0,1
c24bg8.png,plst_RAV-267_pariahs-shield,rav_267_pariahs-shield,0,0,1
c25bg1.png,plst_DOM-46_blink-of-an-eye,j25_289_blink-of-an-eye,0,0,1
c25bg2.png,plst_DOM-46_blink-of-an-eye,j25_289_blink-of-an-eye,0,0,1
c25bg3.png,j25_289_blink-of-an-eye,j25_289_blink-of-an-eye,1,0,1
c25bg4.png,plst_DOM-46_blink-of-an-eye,j25_289_blink-of-an-eye,0,0,1
c25bg5.png,plst_DOM-46_blink-of-an-eye,j25_289_blink-of-an-eye,0,0,1
c25bg6.png,plst_DOM-46_blink-of-an-eye,j25_289_blink-of-an-eye,0,0,1
c25bg7.png,j25_289_blink-of-an-eye,j25_289_blink-of-an-eye,1,0,1
c25bg8.png,plst_DOM-46_blink-of-an-eye,j25_289_blink-of-an-eye,0,0,1
c26bg1.png,tdft_6_elephant,tdft_6_elephant,1,0,1
c26bg2.png,tdft_6_elephant,tdft_6_elephant,1,0,1
c26bg3.png,tdft_6_elephant,tdft_6_elephant,1,0,1
c26bg4.png,tdft_6_elephant,tdft_6_elephant,1,0,1
c26bg5.png,tdft_6_elephant,tdft_6_elephant,1,0,1
c26bg6.png,tdft_6_elephant,tdft_6_elephant,1,0,1
c26bg7.png,tdft_6_elephant,tdft_6_elephant,1,0,1
c26bg8.png,tdft_6_elephant,tdft_6_elephant,1,0,1
c27bg1.png,cmm_513_grave-pact,cmm_513_grave-pact,1,0,1
c27bg2.png,cmm_513_grave-pact,cmm_513_grave-pact,1,0,1
c27bg3.png,cmm_513_grave-pact,cmm_513_grave-pact,1,0,1
c27bg4.png,cmm_513_grave-pact,cmm_513_grave-pact,1,0,1
c27bg5.png,cmm_513_grave-pact,cmm_513_grave-pact,1,0,1
c27bg6.png,cmm_513_grave-pact,cmm_513_grave-pact,1,0,1
c27bg7.png,cmm_513_grave-pact,cmm_513_grave-pact,1,0,1
c27bg8.png,mone_4_strictly-better-strictly-better-(contd),cmm_513_grave-pact,0,0,1
c28bg1.png,cn2_97_reviving-dose,afr_12_divine-smite,0,0,1
c28bg2.png,afr_12_divine-smite,afr_12_divine-smite,1,0,1
c28bg3.png,cn2_97_reviving-dose,afr_12_divine-smite,0,0,1
c28bg4.png,cn2_97_reviving-dose,afr_12_divine-smite,0,0,1
c28bg5.png,afr_12_divine-smite,afr_12_divine-smite,1,0,1
c28bg6.png,afr_12_divine-smite,afr_12_divine-smite,1,0,1
c28bg7.png,afr_12_divine-smite,afr_12_divine-smite,1,0,1
c28bg8.png,cn2_97_reviving-dose,afr_12_divine-smite,0,0,1
c29bg1.png,sld_725_fleshbag-marauder,ptk_82_sima-yi-wei-field-marshal,0,0,1
c29bg2.png,sld_725_fleshbag-marauder,ptk_82_sima-yi-wei-field-marshal,0,0,1
c29bg3.png,v10_4_ivory-tower,ptk_82_sima-yi-wei-field-marshal,0,0,1
c29bg4.png,sld_725_fleshbag-marauder,ptk_82_sima-yi-wei-field-marshal,0,0,1
c29bg5.png,ptk_82_sima-yi-wei-field-marshal,ptk_82_sima-yi-wei-field-marshal,1,0,1
c29bg6.png,ptk_82_sima-yi-wei-field-marshal,ptk_82_sima-yi-wei-field-marshal,1,0,1
c29bg7.png,v10_4_ivory-tower,ptk_82_sima-yi-wei-field-marshal,0,0,1
c29bg8.png,ptk_82_sima-yi-wei-field-marshal,ptk_82_sima-yi-wei-field-marshal,1,0,1
c2bg1.png,blc_169_junk-winder,mkc_107_junk-winder,0,0,1
c2bg2.png,blc_169_junk-winder,mkc_107_junk-winder,0,0,1
c2bg3.png,moc_225_junk-winder,mkc_107_junk-winder,0,0,1
c2bg4.png,blc_169_junk-winder,mkc_107_junk-winder,0,0,1
c2bg5.png,moc_225_junk-winder,mkc_107_junk-winder,0,0,1
c2bg6.png,blc_169_junk-winder,mkc_107_junk-winder,0,0,1
c2bg7.png,mh2_48_junk-winder,mkc_107_junk-winder,0,0,1
c2bg8.png,mh2_48_junk-winder,mkc_107_junk-winder,0,0,1
c30bg1.png,plst_THS-68_thassas-emissary,ths_68_thassas-emissary,0,0,1
c30bg2.png,ths_68_thassas-emissary,ths_68_thassas-emissary,1,0,1
c30bg3.png,ths_68_thassas-emissary,ths_68_thassas-emissary,1,0,1
c30bg4.png,plst_THS-68_thassas-emissary,ths_68_thassas-emissary,0,0,1
c30bg5.png,ths_68_thassas-emissary,ths_68_thassas-emissary,1,0,1
c30bg6.png,ths_68_thassas-emissary,ths_68_thassas-emissary,1,0,1
c30bg7.png,ths_68_thassas-emissary,ths_68_thassas-emissary,1,0,1
c30bg8.png,plst_THS-68_thassas-emissary,ths_68_thassas-emissary,0,0,1
c31bg1.png,j25_288_azure-drake,brb_8_azure-drake,0,0,1
c31bg2.png,j25_288_azure-drake,brb_8_azure-drake,0,0,1
c31bg3.png,j25_288_azure-drake,brb_8_azure-drake,0,0,1
c31bg4.png,j25_288_azure-drake,brb_8_azure-drake,0,0,1
c31bg5.png,brb_8_azure-drake,brb_8_azure-drake,1,0,1
c31bg6.png,brb_8_azure-drake,brb_8_azure-drake,1,0,1
c31bg7.png,j25_288_azure-drake,brb_8_azure-drake,0,0,1
c31bg8.png,brb_8_azure-drake,brb_8_azure-drake,1,0,1
c32bg1.png,totj_20_plot,ust_19_riveting-rigger,0,0,1
c32bg2.png,ust_19_riveting-rigger,ust_19_riveting-rigger,1,0,1
c32bg3.png,totj_20_plot,ust_19_riveting-rigger,0,0,1
c32bg4.png,tm19_CH1_core-set-2019-checklist,ust_19_riveting-rigger,0,0,1
c32bg5.png,No match,ust_19_riveting-rigger,0,0,0
c32bg6.png,ust_19_riveting-rigger,ust_19_riveting-rigger,1,0,1
c32bg7.png,ust_19_riveting-rigger,ust_19_riveting-rigger,1,0,1
c32bg8.png,ulst_50_mary-okill,ust_19_riveting-rigger,0,0,1
c33bg1.png,dft_21_lotusguard-disciple,dft_21_lotusguard-disciple,1,0,1
c33bg2.png,dft_21_lotusguard-disciple,dft_21_lotusguard-disciple,1,0,1
c33bg3.png,dft_21_lotusguard-disciple,dft_21_lotusguard-disciple,1,0,1
c33bg4.png,dft_21_lotusguard-disciple,dft_21_lotusguard-disciple,1,0,1
c33bg5.png,dft_21_lotusguard-disciple,dft_21_lotusguard-disciple,1,0,1
c33bg6.png,dft_21_lotusguard-disciple,dft_21_lotusguard-disciple,1,0,1
c33bg7.png,dft_21_lotusguard-disciple,dft_21_lotusguard-disciple,1,0,1
c33bg8.png,dft_21_lotusguard-disciple,dft_21_lotusguard-disciple,1,0,1
c34bg1.png,plst_GK1-80_bomber-corps,gk1_80_bomber-corps,0,0,1
c34bg2.png,gk1_80_bomber-corps,gk1_80_bomber-corps,1,0,1
c34bg3.png,plst_GK1-80_bomber-corps,gk1_80_bomber-corps,0,0,1
c34bg4.png,gk1_80_bomber-corps,gk1_80_bomber-corps,1,0,1
c34bg5.png,gk1_80_bomber-corps,gk1_80_bomber-corps,1,0,1
c34bg6.png,gk1_80_bomber-corps,gk1_80_bomber-corps,1,0,1
c34bg7.png,plst_GK1-80_bomber-corps,gk1_80_bomber-corps,0,0,1
c34bg8.png,plst_GK1-80_bomber-corps,gk1_80_bomber-corps,0,0,1
c35bg1.png,moc_161_truga-jungle,mb2_540_your-wish-is-my-command,0,0,1
c35bg2.png,mb2_540_your-wish-is-my-command,mb2_540_your-wish-is-my-command,1,0,1
c35bg3.png,cmb2_33_visitor-from-planet-q,mb2_540_your-wish-is-my-command,0,0,1
c35bg4.png,mb2_540_your-wish-is-my-command,mb2_540_your-wish-is-my-command,1,0,1
c35bg5.png,moc_161_truga-jungle,mb2_540_your-wish-is-my-command,0,0,1
c35bg6.png,mb2_540_your-wish-is-my-command,mb2_540_your-wish-is-my-command,1,0,1
c35bg7.png,mb2_540_your-wish-is-my-command,mb2_540_your-wish-is-my-command,1,0,1
c35bg8.png,moc_161_truga-jungle,mb2_540_your-wish-is-my-command,0,0,1
c36bg1.png,dmc_229_sandsteppe-citadel,plst_KTK-241_sandsteppe-citadel,0,0,1
c36bg2.png,dmc_229_sandsteppe-citadel,plst_KTK-241_sandsteppe-citadel,0,0,1
c36bg3.png,dmc_229_sandsteppe-citadel,plst_KTK-241_sandsteppe-citadel,0,0,1
c36bg4.png,dmc_229_sandsteppe-citadel,plst_KTK-241_sandsteppe-citadel,0,0,1
c36bg5.png,dmc_229_sandsteppe-citadel,plst_KTK-241_sandsteppe-citadel,0,0,1
c36bg6.png,dmc_229_sandsteppe-citadel,plst_KTK-241_sandsteppe-citadel,0,0,1
c36bg7.png,dmc_229_sandsteppe-citadel,plst_KTK-241_sandsteppe-citadel,0,0,1
c36bg8.png,dmc_229_sandsteppe-citadel,plst_KTK-241_sandsteppe-citadel,0,0,1
c37bg1.png,clb_833_sandwurm-convergence,ncc_308_sandwurm-convergence,0,0,1
c37bg2.png,clb_833_sandwurm-convergence,ncc_308_sandwurm-convergence,0,0,1
c37bg3.png,clb_833_sandwurm-convergence,ncc_308_sandwurm-convergence,0,0,1
c37bg4.png,akh_183_sandwurm-convergence,ncc_308_sandwurm-convergence,0,0,1
c37bg5.png,clb_833_sandwurm-convergence,ncc_308_sandwurm-convergence,0,0,1
c37bg6.png,ncc_308_sandwurm-convergence,ncc_308_sandwurm-convergence,1,0,1
c37bg7.png,clb_833_sandwurm-convergence,ncc_308_sandwurm-convergence,0,0,1
c37bg8.png,ltr_552_oath-of-the-grey-host,ncc_308_sandwurm-convergence,0,0,1
c38bg1.png,sld_540_plains,brb_108_forest,0,0,1
c38bg2.png,tla_286_forest,brb_108_forest,0,0,1
c38bg3.png,sld_540_plains,brb_108_forest,0,0,1
c38bg4.png,sld_540_plains,brb_108_forest,0,0,1
c38bg5.png,ptk_180_forest,brb_108_forest,0,0,1
c38bg6.png,brb_108_forest,brb_108_forest,1,0,1
c38bg7.png,sld_540_plains,brb_108_forest,0,0,1
c38bg8.png,ptk_180_forest,brb_108_forest,0,0,1
c39bg1.png,plst_TSR-306_baral-chief-of-compliance,tsr_306_baral-chief-of-compliance,0,0,1
c39bg2.png,tsr_306_baral-chief-of-compliance,tsr_306_baral-chief-of-compliance,1,0,1
c39bg3.png,plst_TSR-306_baral-chief-of-compliance,tsr_306_baral-chief-of-compliance,0,0,1
c39bg4.png,plst_TSR-306_baral-chief-of-compliance,tsr_306_baral-chief-of-compliance,0,0,1
c39bg5.png,tsr_306_baral-chief-of-compliance,tsr_306_baral-chief-of-compliance,1,0,1
c39bg6.png,plst_TSR-306_baral-chief-of-compliance,tsr_306_baral-chief-of-compliance,0,0,1
c39bg7.png,tsr_306_baral-chief-of-compliance,tsr_306_baral-chief-of-compliance,1,0,1
c39bg8.png,tsr_306_baral-chief-of-compliance,tsr_306_baral-chief-of-compliance,1,0,1
c3bg1.png,usg_253_fortitude,usg_253_fortitude,1,0,1
c3bg2.png,usg_253_fortitude,usg_253_fortitude,1,0,1
c3bg3.png,usg_253_fortitude,usg_253_fortitude,1,0,1
c3bg4.png,usg_253_fortitude,usg_253_fortitude,1,0,1
c3bg5.png,cmd_297_vivid-meadow,usg_253_fortitude,0,0,1
c3bg6.png,m12_230_plains,usg_253_fortitude,0,0,1
c3bg7.png,plst_KHM-223_moritte-of-the-frost,usg_253_fortitude,0,0,1
c3bg8.png,dsk_193_overgrown-zealot,usg_253_fortitude,0,0,1
c40bg1.png,jmp_308_draconic-roar,ima_123_draconic-roar,0,0,1
c40bg2.png,jmp_308_draconic-roar,ima_123_draconic-roar,0,0,1
c40bg3.png,jmp_308_draconic-roar,ima_123_draconic-roar,0,0,1
c40bg4.png,jmp_308_draconic-roar,ima_123_draconic-roar,0,0,1
c40bg5.png,jmp_308_draconic-roar,ima_123_draconic-roar,0,0,1
c40bg6.png,jmp_308_draconic-roar,ima_123_draconic-roar,0,0,1
c40bg7.png,jmp_308_draconic-roar,ima_123_draconic-roar,0,0,1
c40bg8.png,jmp_308_draconic-roar,ima_123_draconic-roar,0,0,1
c41bg1.png,dmr_286_high-tide,dmr_286_high-tide,1,0,1
c41bg2.png,dmr_286_high-tide,dmr_286_high-tide,1,0,1
c41bg3.png,dmr_286_high-tide,dmr_286_high-tide,1,0,1
c41bg4.png,dmr_286_high-tide,dmr_286_high-tide,1,0,1
c41bg5.png,dmr_286_high-tide,dmr_286_high-tide,1,0,1
c41bg6.png,dmr_286_high-tide,dmr_286_high-tide,1,0,1
c41bg7.png,dmr_286_high-tide,dmr_286_high-tide,1,0,1
c41bg8.png,clb_840_consuming-aberration,dmr_286_high-tide,0,0,1
c42bg1.png,jmp_459_arcane-encyclopedia,jmp_459_arcane-encyclopedia,1,0,1
c42bg2.png,jmp_459_arcane-encyclopedia,jmp_459_arcane-encyclopedia,1,0,1
c42bg3.png,jmp_459_arcane-encyclopedia,jmp_459_arcane-encyclopedia,1,0,1
c42bg4.png,jmp_459_arcane-encyclopedia,jmp_459_arcane-encyclopedia,1,0,1
c42bg5.png,jmp_459_arcane-encyclopedia,jmp_459_arcane-encyclopedia,1,0,1
c42bg6.png,jmp_459_arcane-encyclopedia,jmp_459_arcane-encyclopedia,1,0,1
c42bg7.png,jmp_459_arcane-encyclopedia,jmp_459_arcane-encyclopedia,1,0,1
c42bg8.png,jmp_459_arcane-encyclopedia,jmp_459_arcane-encyclopedia,1,0,1
c43bg1.png,moc_168_alharu-solemn-ritualist,thb_23_hero-of-the-winds,0,0,1
c43bg2.png,thb_23_hero-of-the-winds,thb_23_hero-of-the-winds,1,0,1
c43bg3.png,thb_23_hero-of-the-winds,thb_23_hero-of-the-winds,1,0,1
c43bg4.png,thb_23_hero-of-the-winds,thb_23_hero-of-the-winds,1,0,1
c43bg5.png,thb_23_hero-of-the-winds,thb_23_hero-of-the-winds,1,0,1
c43bg6.png,thb_23_hero-of-the-winds,thb_23_hero-of-the-winds,1,0,1
c43bg7.png,thb_23_hero-of-the-winds,thb_23_hero-of-the-winds,1,0,1
c43bg8.png,thb_23_hero-of-the-winds,thb_23_hero-of-the-winds,1,0,1
c44bg1.png,plst_MOC-249_foulmire-knight-profane-insight,plst_ELD-90_foulmire-knight-profane-insight,0,0,1
c44bg2.png,moc_249_foulmire-knight-profane-insight,plst_ELD-90_foulmire-knight-profane-insight,0,0,1
c44bg3.png,plst_MOC-249_foulmire-knight-profane-insight,plst_ELD-90_foulmire-knight-profane-insight,0,0,1
c44bg4.png,plst_MOC-249_foulmire-knight-profane-insight,plst_ELD-90_foulmire-knight-profane-insight,0,0,1
c44bg5.png,moc_249_foulmire-knight-profane-insight,plst_ELD-90_foulmire-knight-profane-insight,0,0,1
c44bg6.png,plst_MOC-249_foulmire-knight-profane-insight,plst_ELD-90_foulmire-knight-profane-insight,0,0,1
c44bg7.png,moc_249_foulmire-knight-profane-insight,plst_ELD-90_foulmire-knight-profane-insight,0,0,1
c44bg8.png,moc_249_foulmire-knight-profane-insight,plst_ELD-90_foulmire-knight-profane-insight,0,0,1
c45bg1.png,40k_255_talisman-of-dominance,ima_5_ajanis-pridemate,0,0,1
c45bg2.png,mh2_25_prismatic-ending,ima_5_ajanis-pridemate,0,0,1
c45bg3.png,mh2_25_prismatic-ending,ima_5_ajanis-pridemate,0,0,1
c45bg4.png,mh2_25_prismatic-ending,ima_5_ajanis-pridemate,0,0,1
c45bg5.png,j25_158_ajanis-pridemate,ima_5_ajanis-pridemate,0,0,1
c45bg6.png,afr_36_rally-maneuver,ima_5_ajanis-pridemate,0,0,1
c45bg7.png,mh2_25_prismatic-ending,ima_5_ajanis-pridemate,0,0,1
c45bg8.png,mh2_25_prismatic-ending,ima_5_ajanis-pridemate,0,0,1
c46bg1.png,war_209_oath-of-kaya,war_209_oath-of-kaya,1,0,1
c46bg2.png,war_209_oath-of-kaya,war_209_oath-of-kaya,1,0,1
c46bg3.png,war_209_oath-of-kaya,war_209_oath-of-kaya,1,0,1
c46bg4.png,war_209_oath-of-kaya,war_209_oath-of-kaya,1,0,1
c46bg5.png,war_209_oath-of-kaya,war_209_oath-of-kaya,1,0,1
c46bg6.png,war_209_oath-of-kaya,war_209_oath-of-kaya,1,0,1
c46bg7.png,war_209_oath-of-kaya,war_209_oath-of-kaya,1,0,1
c46bg8.png,war_209_oath-of-kaya,war_209_oath-of-kaya,1,0,1
c47bg1.png,10e_103_rootwater-matriarch,10e_103_rootwater-matriarch,1,0,1
c47bg2.png,10e_103_rootwater-matriarch,10e_103_rootwater-matriarch,1,0,1
c47bg3.png,10e_103_rootwater-matriarch,10e_103_rootwater-matriarch,1,0,1
c47bg4.png,10e_103_rootwater-matriarch,10e_103_rootwater-matriarch,1,0,1
c47bg5.png,10e_103_rootwater-matriarch,10e_103_rootwater-matriarch,1,0,1
c47bg6.png,10e_103_rootwater-matriarch,10e_103_rootwater-matriarch,1,0,1
c47bg7.png,10e_103_rootwater-matriarch,10e_103_rootwater-matriarch,1,0,1
c47bg8.png,10e_103_rootwater-matriarch,10e_103_rootwater-matriarch,1,0,1
c48bg1.png,tgrn_5_insect,tgrn_5_insect,1,0,1
c48bg2.png,tgrn_5_insect,tgrn_5_insect,1,0,1
c48bg3.png,tgrn_5_insect,tgrn_5_insect,1,0,1
c48bg4.png,tgrn_5_insect,tgrn_5_insect,1,0,1
c48bg5.png,tgrn_5_insect,tgrn_5_insect,1,0,1
c48bg6.png,tgrn_5_insect,tgrn_5_insect,1,0,1
c48bg7.png,tgrn_5_insect,tgrn_5_insect,1,0,1
c48bg8.png,tgrn_5_insect,tgrn_5_insect,1,0,1
c49bg1.png,tfin_26_hero,tfin_2_hero,0,0,1
c49bg2.png,tfin_2_hero,tfin_2_hero,1,0,1
c49bg3.png,tfin_2_hero,tfin_2_hero,1,0,1
c49bg4.png,tfin_2_hero,tfin_2_hero,1,0,1
c49bg5.png,tfin_26_hero,tfin_2_hero,0,0,1
c49bg6.png,tfin_26_hero,tfin_2_hero,0,0,1
c49bg7.png,tfin_2_hero,tfin_2_hero,1,0,1
c49bg8.png,ltc_376_wasteland,tfin_2_hero,0,0,1
c4bg1.png,10e_73_clone,10e_73_clone,1,0,1
c4bg2.png,10e_73_clone,10e_73_clone,1,0,1
c4bg3.png,10e_73_clone,10e_73_clone,1,0,1
c4bg4.png,10e_73_clone,10e_73_clone,1,0,1
c4bg5.png,10e_73_clone,10e_73_clone,1,0,1
c4bg6.png,ddi_14_clone,10e_73_clone,0,0,1
c4bg7.png,10e_73_clone,10e_73_clone,1,0,1
c4bg8.png,10e_73_clone,10e_73_clone,1,0,1
c50bg1.png,plst_TOR-125_far-wanderings,plst_TOR-125_far-wanderings,1,0,1
c50bg2.png,znc_66_far-wanderings,plst_TOR-125_far-wanderings,0,0,1
c50bg3.png,plst_TOR-125_far-wanderings,plst_TOR-125_far-wanderings,1,0,1
c50bg4.png,znc_66_far-wanderings,plst_TOR-125_far-wanderings,0,0,1
c50bg5.png,znc_66_far-wanderings,plst_TOR-125_far-wanderings,0,0,1
c50bg6.png,plst_TOR-125_far-wanderings,plst_TOR-125_far-wanderings,1,0,1
c50bg7.png,znc_66_far-wanderings,plst_TOR-125_far-wanderings,0,0,1
c50bg8.png,sld_329_snow-covered-forest,plst_TOR-125_far-wanderings,0,0,1
c51bg1.png,bbd_99_midnight-guard,mic_103_rooftop-storm,0,0,1
c51bg2.png,ncc_424_savage-lands,mic_103_rooftop-storm,0,0,1
c51bg3.png,bbd_99_midnight-guard,mic_103_rooftop-storm,0,0,1
c51bg4.png,bbd_99_midnight-guard,mic_103_rooftop-storm,0,0,1
c51bg5.png,mic_103_rooftop-storm,mic_103_rooftop-storm,1,0,1
c51bg6.png,plst_ISD-71_rooftop-storm,mic_103_rooftop-storm,0,0,1
c51bg7.png,plst_CN2-78_queen-marchesa,mic_103_rooftop-storm,0,0,1
c51bg8.png,mbro_1_mishras-manufactory-mishras-manufactory-(contd),mic_103_rooftop-storm,0,0,1
c52bg1.png,khc_78_voice-of-the-woods,khc_78_voice-of-the-woods,1,0,1
c52bg2.png,khc_78_voice-of-the-woods,khc_78_voice-of-the-woods,1,0,1
c52bg3.png,khc_78_voice-of-the-woods,khc_78_voice-of-the-woods,1,0,1
c52bg4.png,khc_78_voice-of-the-woods,khc_78_voice-of-the-woods,1,0,1
c52bg5.png,cn2_78_queen-marchesa,khc_78_voice-of-the-woods,0,0,1
c52bg6.png,plst_CMR-390_valorous-stance,khc_78_voice-of-the-woods,0,0,1
c52bg7.png,khc_78_voice-of-the-woods,khc_78_voice-of-the-woods,1,0,1
c52bg8.png,khc_78_voice-of-the-woods,khc_78_voice-of-the-woods,1,0,1
c53bg1.png,plst_ELD-32_syr-alin-the-lions-claw,eld_32_syr-alin-the-lions-claw,0,0,1
c53bg2.png,fdn_582_syr-alin-the-lions-claw,eld_32_syr-alin-the-lions-claw,0,0,1
c53bg3.png,No match,eld_32_syr-alin-the-lions-claw,0,0,0
c53bg4.png,fdn_582_syr-alin-the-lions-claw,eld_32_syr-alin-the-lions-claw,0,0,1
c53bg5.png,fdn_582_syr-alin-the-lions-claw,eld_32_syr-alin-the-lions-claw,0,0,1
c53bg6.png,plst_ELD-32_syr-alin-the-lions-claw,eld_32_syr-alin-the-lions-claw,0,0,1
c53bg7.png,plst_ELD-32_syr-alin-the-lions-claw,eld_32_syr-alin-the-lions-claw,0,0,1
c53bg8.png,dmc_158_maelstrom-archangel,eld_32_syr-alin-the-lions-claw,0,0,1
c54bg1.png,trtr_4_assassin,tddm_1_assassin,0,0,1
c54bg2.png,trtr_4_assassin,tddm_1_assassin,0,0,1
c54bg3.png,trtr_4_assassin,tddm_1_assassin,0,0,1
c54bg4.png,trtr_4_assassin,tddm_1_assassin,0,0,1
c54bg5.png,trtr_4_assassin,tddm_1_assassin,0,0,1
c54bg6.png,trtr_4_assassin,tddm_1_assassin,0,0,1
c54bg7.png,trtr_4_assassin,tddm_1_assassin,0,0,1
c54bg8.png,trtr_4_assassin,tddm_1_assassin,0,0,1
c55bg1.png,brc_198_seat-of-the-synod,brc_198_seat-of-the-synod,1,0,1
c55bg2.png,brc_198_seat-of-the-synod,brc_198_seat-of-the-synod,1,0,1
c55bg3.png,brc_198_seat-of-the-synod,brc_198_seat-of-the-synod,1,0,1
c55bg4.png,brc_198_seat-of-the-synod,brc_198_seat-of-the-synod,1,0,1
c55bg5.png,brc_198_seat-of-the-synod,brc_198_seat-of-the-synod,1,0,1
c55bg6.png,brc_198_seat-of-the-synod,brc_198_seat-of-the-synod,1,0,1
c55bg7.png,brc_198_seat-of-the-synod,brc_198_seat-of-the-synod,1,0,1
c55bg8.png,brc_198_seat-of-the-synod,brc_198_seat-of-the-synod,1,0,1
c56bg1.png,tdm_90_scavenger-regent-exude-toxin,tdm_90_scavenger-regent-exude-toxin,1,0,1
c56bg2.png,tdm_90_scavenger-regent-exude-toxin,tdm_90_scavenger-regent-exude-toxin,1,0,1
c56bg3.png,tdm_90_scavenger-regent-exude-toxin,tdm_90_scavenger-regent-exude-toxin,1,0,1
c56bg4.png,tdm_90_scavenger-regent-exude-toxin,tdm_90_scavenger-regent-exude-toxin,1,0,1
c56bg5.png,tdm_90_scavenger-regent-exude-toxin,tdm_90_scavenger-regent-exude-toxin,1,0,1
c56bg6.png,tdm_90_scavenger-regent-exude-toxin,tdm_90_scavenger-regent-exude-toxin,1,0,1
c56bg7.png,tdm_90_scavenger-regent-exude-toxin,tdm_90_scavenger-regent-exude-toxin,1,0,1
c56bg8.png,tdm_90_scavenger-regent-exude-toxin,tdm_90_scavenger-regent-exude-toxin,1,0,1
c57bg1.png,cmd_315_forest,cma_309_forest,0,0,1
c57bg2.png,cma_309_forest,cma_309_forest,1,0,1
c57bg3.png,cmd_315_forest,cma_309_forest,0,0,1
c57bg4.png,cmd_315_forest,cma_309_forest,0,0,1
c57bg5.png,cma_309_forest,cma_309_forest,1,0,1
c57bg6.png,cmd_315_forest,cma_309_forest,0,0,1
c57bg7.png,cma_309_forest,cma_309_forest,1,0,1
c57bg8.png,cma_309_forest,cma_309_forest,1,0,1
c58bg1.png,plst_M11-153_pyretic-ritual,plst_M11-153_pyretic-ritual,1,0,1
c58bg2.png,plst_M11-153_pyretic-ritual,plst_M11-153_pyretic-ritual,1,0,1
c58bg3.png,plst_M11-153_pyretic-ritual,plst_M11-153_pyretic-ritual,1,0,1
c58bg4.png,plst_M11-153_pyretic-ritual,plst_M11-153_pyretic-ritual,1,0,1
c58bg5.png,plst_M11-153_pyretic-ritual,plst_M11-153_pyretic-ritual,1,0,1
c58bg6.png,plst_M11-153_pyretic-ritual,plst_M11-153_pyretic-ritual,1,0,1
c58bg7.png,plst_M11-153_pyretic-ritual,plst_M11-153_pyretic-ritual,1,0,1
c58bg8.png,war_188_cruel-celebrant,plst_M11-153_pyretic-ritual,0,0,1
c59bg1.png,No match,sld_1126_rapid-hybridization,0,0,0
c59bg2.png,sld_1126_rapid-hybridization,sld_1126_rapid-hybridization,1,0,1
c59bg3.png,No match,sld_1126_rapid-hybridization,0,0,0
c59bg4.png,No match,sld_1126_rapid-hybridization,0,0,0
c59bg5.png,No match,sld_1126_rapid-hybridization,0,0,0
c59bg6.png,No match,sld_1126_rapid-hybridization,0,0,0
c59bg7.png,iko_380_nethroi-apex-of-death,sld_1126_rapid-hybridization,0,0,1
c59bg8.png,No match,sld_1126_rapid-hybridization,0,0,0
c5bg1.png,c21_209_biomass-mutation,plst_GTC-213_biomass-mutation,0,0,1
c5bg2.png,c21_209_biomass-mutation,plst_GTC-213_biomass-mutation,0,0,1
c5bg3.png,c19_187_biomass-mutation,plst_GTC-213_biomass-mutation,0,0,1
c5bg4.png,c21_209_biomass-mutation,plst_GTC-213_biomass-mutation,0,0,1
c5bg5.png,c21_209_biomass-mutation,plst_GTC-213_biomass-mutation,0,0,1
c5bg6.png,c21_209_biomass-mutation,plst_GTC-213_biomass-mutation,0,0,1
c5bg7.png,c21_209_biomass-mutation,plst_GTC-213_biomass-mutation,0,0,1
c5bg8.png,c21_209_biomass-mutation,plst_GTC-213_biomass-mutation,0,0,1
c60bg1.png,fdn_692_orzhov-guildgate,rvr_282_orzhov-guildgate,0,0,1
c60bg2.png,fdn_692_orzhov-guildgate,rvr_282_orzhov-guildgate,0,0,1
c60bg3.png,fdn_692_orzhov-guildgate,rvr_282_orzhov-guildgate,0,0,1
c60bg4.png,fdn_692_orzhov-guildgate,rvr_282_orzhov-guildgate,0,0,1
c60bg5.png,fdn_692_orzhov-guildgate,rvr_282_orzhov-guildgate,0,0,1
c60bg6.png,fdn_692_orzhov-guildgate,rvr_282_orzhov-guildgate,0,0,1
c60bg7.png,fdn_692_orzhov-guildgate,rvr_282_orzhov-guildgate,0,0,1
c60bg8.png,fdn_692_orzhov-guildgate,rvr_282_orzhov-guildgate,0,0,1
c61bg1.png,uds_74_twisted-experiment,uds_74_twisted-experiment,1,0,1
c61bg2.png,uds_74_twisted-experiment,uds_74_twisted-experiment,1,0,1
c61bg3.png,uds_74_twisted-experiment,uds_74_twisted-experiment,1,0,1
c61bg4.png,uds_74_twisted-experiment,uds_74_twisted-experiment,1,0,1
c61bg5.png,uds_74_twisted-experiment,uds_74_twisted-experiment,1,0,1
c61bg6.png,uds_74_twisted-experiment,uds_74_twisted-experiment,1,0,1
c61bg7.png,uds_74_twisted-experiment,uds_74_twisted-experiment,1,0,1
c61bg8.png,uds_74_twisted-experiment,uds_74_twisted-experiment,1,0,1
c62bg1.png,dmu_135_keldon-flamesage,dmu_135_keldon-flamesage,1,0,1
c62bg2.png,dmu_135_keldon-flamesage,dmu_135_keldon-flamesage,1,0,1
c62bg3.png,dmu_135_keldon-flamesage,dmu_135_keldon-flamesage,1,0,1
c62bg4.png,dmu_135_keldon-flamesage,dmu_135_keldon-flamesage,1,0,1
c62bg5.png,dmu_135_keldon-flamesage,dmu_135_keldon-flamesage,1,0,1
c62bg6.png,dmu_135_keldon-flamesage,dmu_135_keldon-flamesage,1,0,1
c62bg7.png,dmu_135_keldon-flamesage,dmu_135_keldon-flamesage,1,0,1
c62bg8.png,dmu_135_keldon-flamesage,dmu_135_keldon-flamesage,1,0,1
c63bg1.png,No match,ltr_318_elrond-master-of-healing,0,0,0
c63bg2.png,ltr_318_elrond-master-of-healing,ltr_318_elrond-master-of-healing,1,0,1
c63bg3.png,No match,ltr_318_elrond-master-of-healing,0,0,0
c63bg4.png,ltr_318_elrond-master-of-healing,ltr_318_elrond-master-of-healing,1,0,1
c63bg5.png,tfin_37_punchcard-punchcard,ltr_318_elrond-master-of-healing,0,0,1
c63bg6.png,plst_TM21-11_cat,ltr_318_elrond-master-of-healing,0,0,1
c63bg7.png,ltr_318_elrond-master-of-healing,ltr_318_elrond-master-of-healing,1,0,1
c63bg8.png,sld_207_nights-whisper,ltr_318_elrond-master-of-healing,0,0,1
c64bg1.png,mm2_12_conclave-phalanx,ddf_16_conclave-phalanx,0,0,1
c64bg2.png,mm2_12_conclave-phalanx,ddf_16_conclave-phalanx,0,0,1
c64bg3.png,mm2_12_conclave-phalanx,ddf_16_conclave-phalanx,0,0,1
c64bg4.png,mm2_12_conclave-phalanx,ddf_16_conclave-phalanx,0,0,1
c64bg5.png,mm2_12_conclave-phalanx,ddf_16_conclave-phalanx,0,0,1
c64bg6.png,mm2_12_conclave-phalanx,ddf_16_conclave-phalanx,0,0,1
c64bg7.png,mm2_12_conclave-phalanx,ddf_16_conclave-phalanx,0,0,1
c64bg8.png,mm2_12_conclave-phalanx,ddf_16_conclave-phalanx,0,0,1
c65bg1.png,ori_94_ereboss-titan,ori_94_ereboss-titan,1,0,1
c65bg2.png,ori_94_ereboss-titan,ori_94_ereboss-titan,1,0,1
c65bg3.png,ori_94_ereboss-titan,ori_94_ereboss-titan,1,0,1
c65bg4.png,ori_94_ereboss-titan,ori_94_ereboss-titan,1,0,1
c65bg5.png,ori_94_ereboss-titan,ori_94_ereboss-titan,1,0,1
c65bg6.png,ori_94_ereboss-titan,ori_94_ereboss-titan,1,0,1
c65bg7.png,ori_94_ereboss-titan,ori_94_ereboss-titan,1,0,1
c65bg8.png,khm_202_ascent-of-the-worthy,ori_94_ereboss-titan,0,0,1
c66bg1.png,vow_176_runebound-wolf,inr_168_runebound-wolf,0,0,1
c66bg2.png,vow_176_runebound-wolf,inr_168_runebound-wolf,0,0,1
c66bg3.png,vow_176_runebound-wolf,inr_168_runebound-wolf,0,0,1
c66bg4.png,vow_176_runebound-wolf,inr_168_runebound-wolf,0,0,1
c66bg5.png,vow_176_runebound-wolf,inr_168_runebound-wolf,0,0,1
c66bg6.png,vow_176_runebound-wolf,inr_168_runebound-wolf,0,0,1
c66bg7.png,vow_176_runebound-wolf,inr_168_runebound-wolf,0,0,1
c66bg8.png,inr_168_runebound-wolf,inr_168_runebound-wolf,1,0,1
c67bg1.png,No match,tla_346_aang-at-the-crossroads-aang-destined-savior,0,0,0
c67bg2.png,No match,tla_346_aang-at-the-crossroads-aang-destined-savior,0,0,0
c67bg3.png,otp_61_contagion-engine,tla_346_aang-at-the-crossroads-aang-destined-savior,0,0,1
c67bg4.png,tla_346_aang-at-the-crossroads-aang-destined-savior,tla_346_aang-at-the-crossroads-aang-destined-savior,1,0,1
c67bg5.png,otp_21_collective-defiance,tla_346_aang-at-the-crossroads-aang-destined-savior,0,0,1
c67bg6.png,No match,tla_346_aang-at-the-crossroads-aang-destined-savior,0,0,0
c67bg7.png,sstx_7_double-faced-substitute-card,tla_346_aang-at-the-crossroads-aang-destined-savior,0,0,1
c67bg8.png,otp_25_indomitable-creativity,tla_346_aang-at-the-crossroads-aang-destined-savior,0,0,1
c68bg1.png,cmm_618_spectator-seating,pip_968_ferrous-lake,0,0,1
c68bg2.png,pip_440_ferrous-lake,pip_968_ferrous-lake,0,0,1
c68bg3.png,pip_440_ferrous-lake,pip_968_ferrous-lake,0,0,1
c68bg4.png,sld_2236_nezahal-primal-tide,pip_968_ferrous-lake,0,0,1
c68bg5.png,cmm_618_spectator-seating,pip_968_ferrous-lake,0,0,1
c68bg6.png,No match,pip_968_ferrous-lake,0,0,0
c68bg7.png,fin_339_nibelheim-aflame,pip_968_ferrous-lake,0,0,1
c68bg8.png,sstx_4_double-faced-substitute-card,pip_968_ferrous-lake,0,0,1
c69bg1.png,inr_358_imprisoned-in-the-moon,inr_358_imprisoned-in-the-moon,1,0,1
c69bg2.png,inr_358_imprisoned-in-the-moon,inr_358_imprisoned-in-the-moon,1,0,1
c69bg3.png,inr_358_imprisoned-in-the-moon,inr_358_imprisoned-in-the-moon,1,0,1
c69bg4.png,inr_358_imprisoned-in-the-moon,inr_358_imprisoned-in-the-moon,1,0,1
c69bg5.png,inr_358_imprisoned-in-the-moon,inr_358_imprisoned-in-the-moon,1,0,1
c69bg6.png,inr_358_imprisoned-in-the-moon,inr_358_imprisoned-in-the-moon,1,0,1
c69bg7.png,inr_358_imprisoned-in-the-moon,inr_358_imprisoned-in-the-moon,1,0,1
c69bg8.png,inr_358_imprisoned-in-the-moon,inr_358_imprisoned-in-the-moon,1,0,1
c6bg1.png,gk1_118_selesnya-evangel,scd_241_selesnya-evangel,0,0,1
c6bg2.png,scd_241_selesnya-evangel,scd_241_selesnya-evangel,1,0,1
c6bg3.png,scd_241_selesnya-evangel,scd_241_selesnya-evangel,1,0,1
c6bg4.png,scd_241_selesnya-evangel,scd_241_selesnya-evangel,1,0,1
c6bg5.png,gk1_118_selesnya-evangel,scd_241_selesnya-evangel,0,0,1
c6bg6.png,scd_241_selesnya-evangel,scd_241_selesnya-evangel,1,0,1
c6bg7.png,scd_241_selesnya-evangel,scd_241_selesnya-evangel,1,0,1
c6bg8.png,scd_241_selesnya-evangel,scd_241_selesnya-evangel,1,0,1
c70bg1.png,tinr_1_eldrazi-horror,tinr_1_eldrazi-horror,1,0,1
c70bg2.png,tinr_1_eldrazi-horror,tinr_1_eldrazi-horror,1,0,1
c70bg3.png,tinr_1_eldrazi-horror,tinr_1_eldrazi-horror,1,0,1
c70bg4.png,tinr_1_eldrazi-horror,tinr_1_eldrazi-horror,1,0,1
c70bg5.png,tinr_1_eldrazi-horror,tinr_1_eldrazi-horror,1,0,1
c70bg6.png,tinr_1_eldrazi-horror,tinr_1_eldrazi-horror,1,0,1
c70bg7.png,tinr_1_eldrazi-horror,tinr_1_eldrazi-horror,1,0,1
c70bg8.png,tinr_1_eldrazi-horror,tinr_1_eldrazi-horror,1,0,1
c71bg1.png,bng_56_vortex-elemental,bng_56_vortex-elemental,1,0,1
c71bg2.png,bng_56_vortex-elemental,bng_56_vortex-elemental,1,0,1
c71bg3.png,bng_56_vortex-elemental,bng_56_vortex-elemental,1,0,1
c71bg4.png,bng_56_vortex-elemental,bng_56_vortex-elemental,1,0,1
c71bg5.png,bng_56_vortex-elemental,bng_56_vortex-elemental,1,0,1
c71bg6.png,bng_56_vortex-elemental,bng_56_vortex-elemental,1,0,1
c71bg7.png,bng_56_vortex-elemental,bng_56_vortex-elemental,1,0,1
c71bg8.png,bng_56_vortex-elemental,bng_56_vortex-elemental,1,0,1
c72bg1.png,No match,mar_25_relentless-assault,0,0,0
c72bg2.png,tfin_37_punchcard-punchcard,mar_25_relentless-assault,0,0,1
c72bg3.png,2ed_205_kudzu,mar_25_relentless-assault,0,0,1
c72bg4.png,No match,mar_25_relentless-assault,0,0,0
c72bg5.png,No match,mar_25_relentless-assault,0,0,0
c72bg6.png,tfin_37_punchcard-punchcard,mar_25_relentless-assault,0,0,1
c72bg7.png,No match,mar_25_relentless-assault,0,0,0
c72bg8.png,mar_25_relentless-assault,mar_25_relentless-assault,1,0,1
c73bg1.png,plst_UDS-106_gamekeeper,plst_UDS-106_gamekeeper,1,0,1
c73bg2.png,uds_106_gamekeeper,plst_UDS-106_gamekeeper,0,0,1
c73bg3.png,uds_106_gamekeeper,plst_UDS-106_gamekeeper,0,0,1
c73bg4.png,uds_106_gamekeeper,plst_UDS-106_gamekeeper,0,0,1
c73bg5.png,plst_UDS-106_gamekeeper,plst_UDS-106_gamekeeper,1,0,1
c73bg6.png,uds_106_gamekeeper,plst_UDS-106_gamekeeper,0,0,1
c73bg7.png,plst_UDS-106_gamekeeper,plst_UDS-106_gamekeeper,1,0,1
c73bg8.png,plst_UDS-106_gamekeeper,plst_UDS-106_gamekeeper,1,0,1
c74bg1.png,No match,und_81_pointy-finger-of-doom,0,0,0
c74bg2.png,und_81_pointy-finger-of-doom,und_81_pointy-finger-of-doom,1,0,1
c74bg3.png,mb2_5_cathar-commando,und_81_pointy-finger-of-doom,0,0,1
c74bg4.png,No match,und_81_pointy-finger-of-doom,0,0,0
c74bg5.png,und_81_pointy-finger-of-doom,und_81_pointy-finger-of-doom,1,0,1
c74bg6.png,No match,und_81_pointy-finger-of-doom,0,0,0
c74bg7.png,und_81_pointy-finger-of-doom,und_81_pointy-finger-of-doom,1,0,1
c74bg8.png,und_81_pointy-finger-of-doom,und_81_pointy-finger-of-doom,1,0,1
c75bg1.png,bbd_129_phantom-warrior,10e_96_phantom-warrior,0,0,1
c75bg2.png,bbd_129_phantom-warrior,10e_96_phantom-warrior,0,0,1
c75bg3.png,bbd_129_phantom-warrior,10e_96_phantom-warrior,0,0,1
c75bg4.png,bbd_129_phantom-warrior,10e_96_phantom-warrior,0,0,1
c75bg5.png,bbd_129_phantom-warrior,10e_96_phantom-warrior,0,0,1
c75bg6.png,bbd_129_phantom-warrior,10e_96_phantom-warrior,0,0,1
c75bg7.png,dpa_14_phantom-warrior,10e_96_phantom-warrior,0,0,1
c75bg8.png,bbd_129_phantom-warrior,10e_96_phantom-warrior,0,0,1
c76bg1.png,znr_30_ondu-inversion-ondu-skyruins,con_128_suicidal-charge,0,0,1
c76bg2.png,gk1_14_dinrova-horror,con_128_suicidal-charge,0,0,1
c76bg3.png,gk1_14_dinrova-horror,con_128_suicidal-charge,0,0,1
c76bg4.png,gk1_14_dinrova-horror,con_128_suicidal-charge,0,0,1
c76bg5.png,znr_30_ondu-inversion-ondu-skyruins,con_128_suicidal-charge,0,0,1
c76bg6.png,gk1_14_dinrova-horror,con_128_suicidal-charge,0,0,1
c76bg7.png,gk1_14_dinrova-horror,con_128_suicidal-charge,0,0,1
c76bg8.png,clb_840_consuming-aberration,con_128_suicidal-charge,0,0,1
c77bg1.png,plst_KLD-12_eddytrail-hawk,kld_12_eddytrail-hawk,0,0,1
c77bg2.png,plst_KLD-12_eddytrail-hawk,kld_12_eddytrail-hawk,0,0,1
c77bg3.png,plst_KLD-12_eddytrail-hawk,kld_12_eddytrail-hawk,0,0,1
c77bg4.png,kld_12_eddytrail-hawk,kld_12_eddytrail-hawk,1,0,1
c77bg5.png,kld_12_eddytrail-hawk,kld_12_eddytrail-hawk,1,0,1
c77bg6.png,kld_12_eddytrail-hawk,kld_12_eddytrail-hawk,1,0,1
c77bg7.png,kld_12_eddytrail-hawk,kld_12_eddytrail-hawk,1,0,1
c77bg8.png,afc_228_choked-estuary,kld_12_eddytrail-hawk,0,0,1
c78bg1.png,bfz_133_serpentine-spike,bfz_133_serpentine-spike,1,0,1
c78bg2.png,bfz_133_serpentine-spike,bfz_133_serpentine-spike,1,0,1
c78bg3.png,bfz_133_serpentine-spike,bfz_133_serpentine-spike,1,0,1
c78bg4.png,bfz_133_serpentine-spike,bfz_133_serpentine-spike,1,0,1
c78bg5.png,bfz_133_serpentine-spike,bfz_133_serpentine-spike,1,0,1
c78bg6.png,bfz_133_serpentine-spike,bfz_133_serpentine-spike,1,0,1
c78bg7.png,bfz_133_serpentine-spike,bfz_133_serpentine-spike,1,0,1
c78bg8.png,mone_4_strictly-better-strictly-better-(contd),bfz_133_serpentine-spike,0,0,1
c79bg1.png,plst_STX-158_shaile-dean-of-radiance-embrose-dean-of-shadow,plst_STX-158_shaile-dean-of-radiance-embrose-dean-of-shadow,1,0,1
c79bg2.png,stx_158_shaile-dean-of-radiance-embrose-dean-of-shadow,plst_STX-158_shaile-dean-of-radiance-embrose-dean-of-shadow,0,0,1
c79bg3.png,plst_STX-158_shaile-dean-of-radiance-embrose-dean-of-shadow,plst_STX-158_shaile-dean-of-radiance-embrose-dean-of-shadow,1,0,1
c79bg4.png,plst_STX-158_shaile-dean-of-radiance-embrose-dean-of-shadow,plst_STX-158_shaile-dean-of-radiance-embrose-dean-of-shadow,1,0,1
c79bg5.png,stx_158_shaile-dean-of-radiance-embrose-dean-of-shadow,plst_STX-158_shaile-dean-of-radiance-embrose-dean-of-shadow,0,0,1
c79bg6.png,plst_STX-158_shaile-dean-of-radiance-embrose-dean-of-shadow,plst_STX-158_shaile-dean-of-radiance-embrose-dean-of-shadow,1,0,1
c79bg7.png,plst_STX-158_shaile-dean-of-radiance-embrose-dean-of-shadow,plst_STX-158_shaile-dean-of-radiance-embrose-dean-of-shadow,1,0,1
c79bg8.png,khm_202_ascent-of-the-worthy,plst_STX-158_shaile-dean-of-radiance-embrose-dean-of-shadow,0,0,1
c7bg1.png,who_655_nardole-resourceful-cyborg,who_655_nardole-resourceful-cyborg,1,0,1
c7bg2.png,who_655_nardole-resourceful-cyborg,who_655_nardole-resourceful-cyborg,1,0,1
c7bg3.png,who_50_nardole-resourceful-cyborg,who_655_nardole-resourceful-cyborg,0,0,1
c7bg4.png,who_655_nardole-resourceful-cyborg,who_655_nardole-resourceful-cyborg,1,0,1
c7bg5.png,who_50_nardole-resourceful-cyborg,who_655_nardole-resourceful-cyborg,0,0,1
c7bg6.png,who_655_nardole-resourceful-cyborg,who_655_nardole-resourceful-cyborg,1,0,1
c7bg7.png,who_655_nardole-resourceful-cyborg,who_655_nardole-resourceful-cyborg,1,0,1
c7bg8.png,who_50_nardole-resourceful-cyborg,who_655_nardole-resourceful-cyborg,0,0,1
c80bg1.png,gn2_49_ranging-raptors,lcc_249_ranging-raptors,0,0,1
c80bg2.png,gn2_49_ranging-raptors,lcc_249_ranging-raptors,0,0,1
c80bg3.png,gn2_49_ranging-raptors,lcc_249_ranging-raptors,0,0,1
c80bg4.png,gn2_49_ranging-raptors,lcc_249_ranging-raptors,0,0,1
c80bg5.png,gn2_49_ranging-raptors,lcc_249_ranging-raptors,0,0,1
c80bg6.png,xln_201_ranging-raptors,lcc_249_ranging-raptors,0,0,1
c80bg7.png,xln_201_ranging-raptors,lcc_249_ranging-raptors,0,0,1
c80bg8.png,dsc_207_wrenn-and-seven,lcc_249_ranging-raptors,0,0,1
c81bg1.png,ody_350_forest,ody_350_forest,1,0,1
c81bg2.png,ody_350_forest,ody_350_forest,1,0,1
c81bg3.png,ody_350_forest,ody_350_forest,1,0,1
c81bg4.png,ody_350_forest,ody_350_forest,1,0,1
c81bg5.png,ody_350_forest,ody_350_forest,1,0,1
c81bg6.png,ody_350_forest,ody_350_forest,1,0,1
c81bg7.png,ody_350_forest,ody_350_forest,1,0,1
c81bg8.png,ody_350_forest,ody_350_forest,1,0,1
c82bg1.png,punk_PLA003a_black-lotus-lounge,cmb1_27_memory-bank,0,0,1
c82bg2.png,cmb2_27_memory-bank,cmb1_27_memory-bank,0,0,1
c82bg3.png,cmb2_27_memory-bank,cmb1_27_memory-bank,0,0,1
c82bg4.png,cmb2_27_memory-bank,cmb1_27_memory-bank,0,0,1
c82bg5.png,cmb2_27_memory-bank,cmb1_27_memory-bank,0,0,1
c82bg6.png,cmb2_27_memory-bank,cmb1_27_memory-bank,0,0,1
c82bg7.png,cmb2_27_memory-bank,cmb1_27_memory-bank,0,0,1
c82bg8.png,sld_1371_the-first-sliver,cmb1_27_memory-bank,0,0,1
c83bg1.png,mm3_88_ancient-grudge,plst_MM3-88_ancient-grudge,0,0,1
c83bg2.png,plst_MM3-88_ancient-grudge,plst_MM3-88_ancient-grudge,1,0,1
c83bg3.png,2ed_15_consecrate-land,plst_MM3-88_ancient-grudge,0,0,1
c83bg4.png,isd_127_ancient-grudge,plst_MM3-88_ancient-grudge,0,0,1
c83bg5.png,mm3_88_ancient-grudge,plst_MM3-88_ancient-grudge,0,0,1
c83bg6.png,plst_MM3-88_ancient-grudge,plst_MM3-88_ancient-grudge,1,0,1
c83bg7.png,isd_127_ancient-grudge,plst_MM3-88_ancient-grudge,0,0,1
c83bg8.png,msnc_2_demons-due-(minigame)-demons-due-(contd),plst_MM3-88_ancient-grudge,0,0,1
c84bg1.png,j22_316_lookouts-dispersal,j22_316_lookouts-dispersal,1,0,1
c84bg2.png,j22_316_lookouts-dispersal,j22_316_lookouts-dispersal,1,0,1
c84bg3.png,j22_316_lookouts-dispersal,j22_316_lookouts-dispersal,1,0,1
c84bg4.png,j22_316_lookouts-dispersal,j22_316_lookouts-dispersal,1,0,1
c84bg5.png,clb_840_consuming-aberration,j22_316_lookouts-dispersal,0,0,1
c84bg6.png,j22_316_lookouts-dispersal,j22_316_lookouts-dispersal,1,0,1
c84bg7.png,xln_62_lookouts-dispersal,j22_316_lookouts-dispersal,0,0,1
c84bg8.png,clb_840_consuming-aberration,j22_316_lookouts-dispersal,0,0,1
c85bg1.png,mb2_543_common-black-removal,mb2_543_common-black-removal,1,0,1
c85bg2.png,mb2_543_common-black-removal,mb2_543_common-black-removal,1,0,1
c85bg3.png,mb2_543_common-black-removal,mb2_543_common-black-removal,1,0,1
c85bg4.png,mb2_543_common-black-removal,mb2_543_common-black-removal,1,0,1
c85bg5.png,mb2_543_common-black-removal,mb2_543_common-black-removal,1,0,1
c85bg6.png,mb2_543_common-black-removal,mb2_543_common-black-removal,1,0,1
c85bg7.png,mb2_543_common-black-removal,mb2_543_common-black-removal,1,0,1
c85bg8.png,mb2_16_prismatic-ending,mb2_543_common-black-removal,0,0,1
c86bg1.png,cma_84_mana-charged-dragon,cma_84_mana-charged-dragon,1,0,1
c86bg2.png,cma_84_mana-charged-dragon,cma_84_mana-charged-dragon,1,0,1
c86bg3.png,cma_84_mana-charged-dragon,cma_84_mana-charged-dragon,1,0,1
c86bg4.png,cma_84_mana-charged-dragon,cma_84_mana-charged-dragon,1,0,1
c86bg5.png,cma_84_mana-charged-dragon,cma_84_mana-charged-dragon,1,0,1
c86bg6.png,cma_84_mana-charged-dragon,cma_84_mana-charged-dragon,1,0,1
c86bg7.png,cma_84_mana-charged-dragon,cma_84_mana-charged-dragon,1,0,1
c86bg8.png,cma_84_mana-charged-dragon,cma_84_mana-charged-dragon,1,0,1
c87bg1.png,und_46_stinging-scorpion,ncc_89_mari-the-killing-quill,0,0,1
c87bg2.png,ncc_89_mari-the-killing-quill,ncc_89_mari-the-killing-quill,1,0,1
c87bg3.png,ncc_89_mari-the-killing-quill,ncc_89_mari-the-killing-quill,1,0,1
c87bg4.png,ncc_89_mari-the-killing-quill,ncc_89_mari-the-killing-quill,1,0,1
c87bg5.png,ncc_89_mari-the-killing-quill,ncc_89_mari-the-killing-quill,1,0,1
c87bg6.png,ncc_89_mari-the-killing-quill,ncc_89_mari-the-killing-quill,1,0,1
c87bg7.png,ncc_89_mari-the-killing-quill,ncc_89_mari-the-killing-quill,1,0,1
c87bg8.png,ncc_89_mari-the-killing-quill,ncc_89_mari-the-killing-quill,1,0,1
c88bg1.png,ltc_358_bojuka-bog,woc_54_knickknack-ouphe,0,0,1
c88bg2.png,ugl_29_bfm-(big-furry-monster),woc_54_knickknack-ouphe,0,0,1
c88bg3.png,ltc_388_bojuka-bog,woc_54_knickknack-ouphe,0,0,1
c88bg4.png,No match,woc_54_knickknack-ouphe,0,0,0
c88bg5.png,punk_PLA004_city-hall,woc_54_knickknack-ouphe,0,0,1
c88bg6.png,punk_PLA002_the-bean,woc_54_knickknack-ouphe,0,0,1
c88bg7.png,No match,woc_54_knickknack-ouphe,0,0,0
c88bg8.png,mkhm_1_base-race-base-race-(contd),woc_54_knickknack-ouphe,0,0,1
c89bg1.png,unh_62_phyrexian-librarian,leg_102_headless-horseman,0,0,1
c89bg2.png,leg_102_headless-horseman,leg_102_headless-horseman,1,0,1
c89bg3.png,leg_102_headless-horseman,leg_102_headless-horseman,1,0,1
c89bg4.png,leg_102_headless-horseman,leg_102_headless-horseman,1,0,1
c89bg5.png,afc_311_song-of-inspiration,leg_102_headless-horseman,0,0,1
c89bg6.png,leg_102_headless-horseman,leg_102_headless-horseman,1,0,1
c89bg7.png,leg_102_headless-horseman,leg_102_headless-horseman,1,0,1
c89bg8.png,sum_35_reverse-damage,leg_102_headless-horseman,0,0,1
c8bg1.png,pip_593_powder-ganger,pip_593_powder-ganger,1,0,1
c8bg2.png,pip_593_powder-ganger,pip_593_powder-ganger,1,0,1
c8bg3.png,pip_593_powder-ganger,pip_593_powder-ganger,1,0,1
c8bg4.png,pip_593_powder-ganger,pip_593_powder-ganger,1,0,1
c8bg5.png,pip_593_powder-ganger,pip_593_powder-ganger,1,0,1
c8bg6.png,pip_593_powder-ganger,pip_593_powder-ganger,1,0,1
c8bg7.png,pip_593_powder-ganger,pip_593_powder-ganger,1,0,1
c8bg8.png,pip_593_powder-ganger,pip_593_powder-ganger,1,0,1
c90bg1.png,j22_716_reckless-amplimancer,stx_141_reckless-amplimancer,0,0,1
c90bg2.png,j25_706_reckless-amplimancer,stx_141_reckless-amplimancer,0,0,1
c90bg3.png,j22_716_reckless-amplimancer,stx_141_reckless-amplimancer,0,0,1
c90bg4.png,j22_716_reckless-amplimancer,stx_141_reckless-amplimancer,0,0,1
c90bg5.png,stx_141_reckless-amplimancer,stx_141_reckless-amplimancer,1,0,1
c90bg6.png,j22_716_reckless-amplimancer,stx_141_reckless-amplimancer,0,0,1
c90bg7.png,j22_716_reckless-amplimancer,stx_141_reckless-amplimancer,0,0,1
c90bg8.png,pip_556_vault-101:-birthday-party,stx_141_reckless-amplimancer,0,0,1
c91bg1.png,cm2_59_buried-alive,cmd_74_buried-alive,0,0,1
c91bg2.png,cm2_59_buried-alive,cmd_74_buried-alive,0,0,1
c91bg3.png,uma_88_buried-alive,cmd_74_buried-alive,0,0,1
c91bg4.png,cm2_59_buried-alive,cmd_74_buried-alive,0,0,1
c91bg5.png,cm2_59_buried-alive,cmd_74_buried-alive,0,0,1
c91bg6.png,cm2_59_buried-alive,cmd_74_buried-alive,0,0,1
c91bg7.png,cmd_74_buried-alive,cmd_74_buried-alive,1,0,1
c91bg8.png,sld_139_assassins-trophy,cmd_74_buried-alive,0,0,1
c92bg1.png,dmu_130_hurler-cyclops,dmu_130_hurler-cyclops,1,0,1
c92bg2.png,dmu_130_hurler-cyclops,dmu_130_hurler-cyclops,1,0,1
c92bg3.png,dmu_130_hurler-cyclops,dmu_130_hurler-cyclops,1,0,1
c92bg4.png,dmu_130_hurler-cyclops,dmu_130_hurler-cyclops,1,0,1
c92bg5.png,dmu_130_hurler-cyclops,dmu_130_hurler-cyclops,1,0,1
c92bg6.png,dmu_130_hurler-cyclops,dmu_130_hurler-cyclops,1,0,1
c92bg7.png,dmu_130_hurler-cyclops,dmu_130_hurler-cyclops,1,0,1
c92bg8.png,mone_4_strictly-better-strictly-better-(contd),dmu_130_hurler-cyclops,0,0,1
c93bg1.png,inr_88_summary-dismissal,inr_88_summary-dismissal,1,0,1
c93bg2.png,inr_88_summary-dismissal,inr_88_summary-dismissal,1,0,1
c93bg3.png,inr_88_summary-dismissal,inr_88_summary-dismissal,1,0,1
c93bg4.png,emn_75_summary-dismissal,inr_88_summary-dismissal,0,0,1
c93bg5.png,inr_88_summary-dismissal,inr_88_summary-dismissal,1,0,1
c93bg6.png,inr_88_summary-dismissal,inr_88_summary-dismissal,1,0,1
c93bg7.png,inr_88_summary-dismissal,inr_88_summary-dismissal,1,0,1
c93bg8.png,mmid_3_into-the-story:-horror-edition-into-the-story-(contd),inr_88_summary-dismissal,0,0,1
c94bg1.png,bro_240_portal-to-phyrexia,bro_240_portal-to-phyrexia,1,0,1
c94bg2.png,ncc_424_savage-lands,bro_240_portal-to-phyrexia,0,0,1
c94bg3.png,bro_240_portal-to-phyrexia,bro_240_portal-to-phyrexia,1,0,1
c94bg4.png,bro_240_portal-to-phyrexia,bro_240_portal-to-phyrexia,1,0,1
c94bg5.png,ncc_424_savage-lands,bro_240_portal-to-phyrexia,0,0,1
c94bg6.png,afc_185_fleecemane-lion,bro_240_portal-to-phyrexia,0,0,1
c94bg7.png,dmc_208_evolving-wilds,bro_240_portal-to-phyrexia,0,0,1
c94bg8.png,emn_35_lunarch-mantle,bro_240_portal-to-phyrexia,0,0,1
c95bg1.png,c19_198_ral-zarek,c19_198_ral-zarek,1,0,1
c95bg2.png,c19_198_ral-zarek,c19_198_ral-zarek,1,0,1
c95bg3.png,c19_198_ral-zarek,c19_198_ral-zarek,1,0,1
c95bg4.png,c19_198_ral-zarek,c19_198_ral-zarek,1,0,1
c95bg5.png,c19_198_ral-zarek,c19_198_ral-zarek,1,0,1
c95bg6.png,c19_198_ral-zarek,c19_198_ral-zarek,1,0,1
c95bg7.png,plst_CN2-78_queen-marchesa,c19_198_ral-zarek,0,0,1
c95bg8.png,c19_198_ral-zarek,c19_198_ral-zarek,1,0,1
c96bg1.png,m3c_5_azlask-the-swelling-scourge,m3c_5_azlask-the-swelling-scourge,1,0,1
c96bg2.png,m3c_5_azlask-the-swelling-scourge,m3c_5_azlask-the-swelling-scourge,1,0,1
c96bg3.png,m3c_5_azlask-the-swelling-scourge,m3c_5_azlask-the-swelling-scourge,1,0,1
c96bg4.png,m3c_5_azlask-the-swelling-scourge,m3c_5_azlask-the-swelling-scourge,1,0,1
c96bg5.png,m3c_5_azlask-the-swelling-scourge,m3c_5_azlask-the-swelling-scourge,1,0,1
c96bg6.png,m3c_5_azlask-the-swelling-scourge,m3c_5_azlask-the-swelling-scourge,1,0,1
c96bg7.png,m3c_5_azlask-the-swelling-scourge,m3c_5_azlask-the-swelling-scourge,1,0,1
c96bg8.png,m3c_5_azlask-the-swelling-scourge,m3c_5_azlask-the-swelling-scourge,1,0,1
c97bg1.png,plst_IKO-47_dreamtail-heron,iko_47_dreamtail-heron,0,0,1
c97bg2.png,plst_IKO-47_dreamtail-heron,iko_47_dreamtail-heron,0,0,1
c97bg3.png,iko_47_dreamtail-heron,iko_47_dreamtail-heron,1,0,1
c97bg4.png,plst_IKO-47_dreamtail-heron,iko_47_dreamtail-heron,0,0,1
c97bg5.png,plst_IKO-47_dreamtail-heron,iko_47_dreamtail-heron,0,0,1
c97bg6.png,iko_47_dreamtail-heron,iko_47_dreamtail-heron,1,0,1
c97bg7.png,iko_47_dreamtail-heron,iko_47_dreamtail-heron,1,0,1
c97bg8.png,iko_47_dreamtail-heron,iko_47_dreamtail-heron,1,0,1
c98bg1.png,dbl_244_sunrise-cavalier,dbl_244_sunrise-cavalier,1,0,1
c98bg2.png,dbl_244_sunrise-cavalier,dbl_244_sunrise-cavalier,1,0,1
c98bg3.png,dbl_244_sunrise-cavalier,dbl_244_sunrise-cavalier,1,0,1
c98bg4.png,dbl_244_sunrise-cavalier,dbl_244_sunrise-cavalier,1,0,1
c98bg5.png,dbl_244_sunrise-cavalier,dbl_244_sunrise-cavalier,1,0,1
c98bg6.png,dbl_244_sunrise-cavalier,dbl_244_sunrise-cavalier,1,0,1
c98bg7.png,dbl_244_sunrise-cavalier,dbl_244_sunrise-cavalier,1,0,1
c98bg8.png,dbl_244_sunrise-cavalier,dbl_244_sunrise-cavalier,1,0,1
c99bg1.png,ima_191_wildsize,dd1_23_wildsize,0,0,1
c99bg2.png,cmr_264_wildsize,dd1_23_wildsize,0,0,1
c99bg3.png,jmp_445_wildsize,dd1_23_wildsize,0,0,1
c99bg4.png,cmr_264_wildsize,dd1_23_wildsize,0,0,1
c99bg5.png,cmr_264_wildsize,dd1_23_wildsize,0,0,1
c99bg6.png,jmp_445_wildsize,dd1_23_wildsize,0,0,1
c99bg7.png,cmr_264_wildsize,dd1_23_wildsize,0,0,1
c99bg8.png,ima_191_wildsize,dd1_23_wildsize,0,0,1
c9bg1.png,plst_DOM-16_evra-halcyon-witness,dom_16_evra-halcyon-witness,0,0,1
c9bg2.png,plst_DOM-16_evra-halcyon-witness,dom_16_evra-halcyon-witness,0,0,1
c9bg3.png,plst_DOM-16_evra-halcyon-witness,dom_16_evra-halcyon-witness,0,0,1
c9bg4.png,dom_16_evra-halcyon-witness,dom_16_evra-halcyon-witness,1,0,1
c9bg5.png,plst_DOM-16_evra-halcyon-witness,dom_16_evra-halcyon-witness,0,0,1
c9bg6.png,plst_DOM-16_evra-halcyon-witness,dom_16_evra-halcyon-witness,0,0,1
c9bg7.png,dom_16_evra-halcyon-witness,dom_16_evra-halcyon-witness,1,0,1
c9bg8.png,dom_16_evra-halcyon-witness,dom_16_evra-halcyon-witness,1,0,1
